1,A1,XUPVQ-6_BP9735_FULL.1_A1
2,B1,XUPVQ-6_BP9735_FULL.1_C1
3,C1,XUPVQ-6_BP9735_FULL.1_E1
4,D1,XUPVQ-6_BP9735_FULL.1_G1
5,E1,XUPVQ-6_BP9735_FULL.1_I1
6,F1,XUPVQ-6_BP9735_FULL.1_K1
7,G1,XUPVQ-6_BP9735_FULL.1_M1
8,H1,XUPVQ-6_BP9735_FULL.1_O1
9,A2,XUPVQ-6_BP9735_FULL.1_B1
10,B2,XUPVQ-6_BP9735_FULL.1_D1
11,C2,XUPVQ-6_BP9735_FULL.1_F1
12,D2,XUPVQ-6_BP9735_FULL.1_H1
13,E2,XUPVQ-6_BP9735_FULL.1_J1
14,F2,XUPVQ-6_BP9735_FULL.1_L1
15,G2,XUPVQ-6_BP9735_FULL.1_N1
16,H2,XUPVQ-6_BP9735_FULL.1_P1
17,A3,XUPVQ-6_BP9735_FULL.1_A2
18,B3,XUPVQ-6_BP9735_FULL.1_C2
19,C3,XUPVQ-6_BP9735_FULL.1_E2
20,D3,XUPVQ-6_BP9735_FULL.1_G2
21,E3,XUPVQ-6_BP9735_FULL.1_I2
22,F3,XUPVQ-6_BP9735_FULL.1_K2
23,G3,XUPVQ-6_BP9735_FULL.1_M2
24,H3,XUPVQ-6_BP9735_FULL.1_O2
25,A4,XUPVQ-6_BP9735_FULL.1_B2
26,B4,XUPVQ-6_BP9735_FULL.1_D2
27,C4,XUPVQ-6_BP9735_FULL.1_F2
28,D4,XUPVQ-6_BP9735_FULL.1_H2
29,E4,XUPVQ-6_BP9735_FULL.1_J2
30,F4,XUPVQ-6_BP9735_FULL.1_L2
31,G4,XUPVQ-6_BP9735_FULL.1_N2
32,H4,XUPVQ-6_BP9735_FULL.1_P2
33,A5,XUPVQ-6_BP9735_FULL.1_A3
34,B5,XUPVQ-6_BP9735_FULL.1_C3
35,C5,XUPVQ-6_BP9735_FULL.1_E3
36,D5,XUPVQ-6_BP9735_FULL.1_G3
37,E5,XUPVQ-6_BP9735_FULL.1_I3
38,F5,XUPVQ-6_BP9735_FULL.1_K3
39,G5,XUPVQ-6_BP9735_FULL.1_M3
40,H5,XUPVQ-6_BP9735_FULL.1_O3
41,A6,XUPVQ-6_BP9735_FULL.1_B3
42,B6,XUPVQ-6_BP9735_FULL.1_D3
43,C6,XUPVQ-6_BP9735_FULL.1_F3
44,D6,XUPVQ-6_BP9735_FULL.1_H3
45,E6,XUPVQ-6_BP9735_FULL.1_J3
46,F6,XUPVQ-6_BP9735_FULL.1_L3
47,G6,XUPVQ-6_BP9735_FULL.1_N3
48,H6,XUPVQ-6_BP9735_FULL.1_P3
49,A7,XUPVQ-6_BP9735_FULL.1_A22
50,B7,XUPVQ-6_BP9735_FULL.1_C22
51,C7,XUPVQ-6_BP9735_FULL.1_E22
52,D7,XUPVQ-6_BP9735_FULL.1_G22
53,E7,XUPVQ-6_BP9735_FULL.1_I22
54,F7,XUPVQ-6_BP9735_FULL.1_K22
55,G7,XUPVQ-6_BP9735_FULL.1_M22
56,H7,XUPVQ-6_BP9735_FULL.1_O22
57,A8,XUPVQ-6_BP9735_FULL.1_B22
58,B8,XUPVQ-6_BP9735_FULL.1_D22
59,C8,XUPVQ-6_BP9735_FULL.1_F22
60,D8,XUPVQ-6_BP9735_FULL.1_H22
61,E8,XUPVQ-6_BP9735_FULL.1_J22
62,F8,XUPVQ-6_BP9735_FULL.1_L22
63,G8,XUPVQ-6_BP9735_FULL.1_N22
64,H8,XUPVQ-6_BP9735_FULL.1_P22
65,A9,XUPVQ-6_BP9735_FULL.1_A23
66,B9,XUPVQ-6_BP9735_FULL.1_C23
67,C9,XUPVQ-6_BP9735_FULL.1_E23
68,D9,XUPVQ-6_BP9735_FULL.1_G23
69,E9,XUPVQ-6_BP9735_FULL.1_I23
70,F9,XUPVQ-6_BP9735_FULL.1_K23
71,G9,XUPVQ-6_BP9735_FULL.1_M23
72,H9,XUPVQ-6_BP9735_FULL.1_O23
73,A10,XUPVQ-6_BP9735_FULL.1_B23
74,B10,XUPVQ-6_BP9735_FULL.1_D23
75,C10,XUPVQ-6_BP9735_FULL.1_F23
76,D10,XUPVQ-6_BP9735_FULL.1_H23
77,E10,XUPVQ-6_BP9735_FULL.1_J23
78,F10,XUPVQ-6_BP9735_FULL.1_L23
79,G10,XUPVQ-6_BP9735_FULL.1_N23
80,H10,XUPVQ-6_BP9735_FULL.1_P23
81,A11,XUPVQ-6_BP9735_FULL.1_A24
82,B11,XUPVQ-6_BP9735_FULL.1_C24
83,C11,XUPVQ-6_BP9735_FULL.1_E24
84,D11,XUPVQ-6_BP9735_FULL.1_G24
85,E11,XUPVQ-6_BP9735_FULL.1_I24
86,F11,XUPVQ-6_BP9735_FULL.1_K24
87,G11,XUPVQ-6_BP9735_FULL.1_B24
88,H11,XUPVQ-6_BP9735_FULL.1_D24
89,A12,XUPVQ-6_BP9735_FULL.1_F24
90,B12,XUPVQ-6_BP9735_FULL.1_H24
91,C12,XUPVQ-6_BP9735_FULL.1_J24
92,D12,XUPVQ-6_BP9735_FULL.1_L24
93,E12,LibStd_E12
94,F12,LibStd_F12
95,G12,LibStd_G12
96,H12,ladder_H12
